Time,Time,Miles,Cost,Date,,Total,Beginning Route,End Route
0636,6:36 AM,0.00 mi,$3.75 ,Friday May 4,,,,
0641,6:41 AM,9.17 mi,$10.35 ,Friday May 4,,,"1085 Highland Oaks Dr, Southlake, TX 76092, USA","2400 Aviation Dr, DFW Airport, TX 75261, United States"
0720,7:20 AM,4.23 mi,$4.24 ,Friday May 4,,,"385 E Las Colinas Blvd, Irving, TX 75039, USA","5931 Campus Circle Dr W, Irving, 75063, US"
0742,7:42 AM,2.24 mi,$3.91 ,Friday May 4,,,,
0800,8:00 AM,4.22 mi,$4.65 ,Friday May 4,,,,
0814,8:14 AM,3.64 mi,$3.97 ,Friday May 4,,,,
0835,8:35 AM,10.33 mi,$9.40 ,Friday May 4,,,,
0905,9:05 AM,4.51 mi,$16.28 ,Friday May 4,,,,
0919,9:19 AM,3.23 mi,$9.21 ,Friday May 4,,,,
0945,9:45 AM,18.91 mi,$18.75 ,Friday May 4,,,,
1030,10:30 AM,1.08 mi,$6.27 ,Friday May 4,,,,
1040,10:40 AM,27.09 mi,$38.86 ,Friday May 4,,,,
1128,11:28 AM,6.56 mi,$8.15 ,Friday May 4,,,,
1210,12:10 PM,9.60 mi,$12.46 ,Friday May 4,,,,
1239,12:39 PM,1.04 mi,$2.85 ,Friday May 4,,,,
1249,12:49 PM,1.28 mi,$4.85 ,Friday May 4,,,,
1300,1:00 PM,4.58 mi,$4.73 ,Friday May 4,,,,
1317,1:17 PM,19.08 mi,$16.75 ,Friday May 4,,,,
1352,1:52 PM,6.02 mi,$8.40 ,Friday May 4,,,,
1410,2:10 PM,2.87 mi,$3.34 ,Friday May 4,,,,
1434,2:34 PM,5.41 mi,$6.40 ,Friday May 4,,,,
1510,3:10 PM,21.74 mi,$25.23 ,Friday May 4,,,,
0637,6:37 AM,42.47 mi,$47.68 ,Monday May 7,,,,
0803,8:03 AM,10.95 mi,$9.64 ,Monday May 7,,,,
0836,8:36 AM,3.96 mi,$4.10 ,Monday May 7,,,,
0900,9:00 AM,0.00 mi,$3.75 ,Monday May 7,,,,
0914,9:14 AM,9.70 mi,$13.47 ,Monday May 7,,,,
0932,9:32 AM,26.20 mi,$25.73 ,Monday May 7,,,,
1019,10:19 AM,3.01 mi,$3.55 ,Monday May 7,,,,
1102,11:02 AM,12.12 mi,$13.12 ,Monday May 7,,,,
1127,11:27 AM,4.90 mi,$4.68 ,Monday May 7,,,,
1142,11:42 AM,33.45 mi,$31.88 ,Monday May 7,,,,
1237,12:37 PM,3.11 mi,$3.57 ,Monday May 7,,,,
1257,12:57 PM,3.84 mi,$4.02 ,Monday May 7,,,,
1308,1:08 PM,3.40 mi,$3.73 ,Monday May 7,,,,
1324,1:24 PM,35.99 mi,$34.81 ,Monday May 7,,,,
1423,2:23 PM,18.68 mi,$17.54 ,Monday May 7,,,,
1501,3:01 PM,5.25 mi,$5.50 ,Monday May 7,,,,
0633,6:33 AM,21.36mi,$21.42 ,Tuesday May 8,,,,
0725,7:25 AM,7.65mi,$8.95 ,Tuesday May 8,,,,
0756,7:56 AM,.59mi,$4.85 ,Tuesday May 8,,,,
0807,8:07 AM,10.34 mi,$11.49 ,Tuesday May 8,,,,
0830,8:30 AM,20.49 mi,$24.54 ,Tuesday May 8,,,,
0920,9:20 AM,13.32 mi,$16.39 ,Tuesday May 8,,,,
1039,10:39 AM,3.53 mi,$6.03 ,Tuesday May 8,,,,
1103,11:03 AM,9.67 mi,$10.60 ,Tuesday May 8,,,,
1124,11:24 AM,20.05 mi,$23.60 ,Tuesday May 8,,,,
1205,12:05 PM,15.53 mi,$15.46 ,Tuesday May 8,,,,
1257,12:57 PM,34.68 mi,$42.81 ,Tuesday May 8,,,,
0707,7:07 AM,24.23 mi,$19.85 ,Wednesday May 9,,,,
0743,7:43 AM,10.25 mi,$9.45 ,Wednesday May 9,,,,
0817,8:17 AM,10.60 mi,$9.07 ,Wednesday May 9,,,,
0853,8:53 AM,5.59 mi,$7.34 ,Wednesday May 9,,,,
0930,9:30 AM,1.82 mi,$2.85 ,Wednesday May 9,,,,
0946,9:46 AM,1.91 mi,$2.85 ,Wednesday May 9,,,,
1001,10:01 AM,6.38 mi,$6.00 ,Wednesday May 9,,,,
1021,10:21 AM,2.17 mi,$2.85 ,Wednesday May 9,,,,
1034,10:34 AM,9.45 mi,$10.25 ,Wednesday May 9,,,,
1052,10:52 AM,4.11 mi,$6.15 ,Wednesday May 9,,,,
1111,11:11 AM,11.14 mi,$16.72 ,Wednesday May 9,,,,
1137,11:37 AM,14.31 mi,$14.07 ,Wednesday May 9,,,,
1305,1:05 PM,10.80 mi,$16.37 ,Wednesday May 9,,,,
1328,1:28 PM,21.14 mi,$19.52 ,Wednesday May 9,,,,
1401,2:01 PM,25.54 mi,$20.68 ,Wednesday May 9,,,,
1442,2:42 PM,3.23 mi,$3.83 ,Wednesday May 9,,,,
1457,2:57 PM,1.56 mi,$3.70 ,Wednesday May 9,,,,
1627,4:27 PM,1.48 mi,$2.85 ,Wednesday May 9,,,,
1642,4:42 PM,7.01 mi,$6.31 ,Wednesday May 9,,,,
1710,5:10 PM,15.60 mi,$13.48 ,Wednesday May 9,,,,
0631,6:31 AM,34.30 mi,$27.54 ,Thursday May 10,,,,
0752,7:52 AM,7.83 mi,$7.16 ,Thursday May 10,,,,
0821,8:21 AM,26.26 mi,$21.60 ,Thursday May 10,,,,
1029,10:29 AM,5.49 mi,$5.32 ,Thursday May 10,,,,
1058,10:58 AM,11.48 mi,$15.47 ,Thursday May 10,,,,
1134,11:34 AM,2.96 mi,$4.66 ,Thursday May 10,,,,
1159,11:59 AM,2.65 mi,$3.23 ,Thursday May 10,,,,
1220,12:20 PM,9.33 mi,$8.68 ,Thursday May 10,,,,
1319,1:19 PM,2.54 mi,$2.93 ,Thursday May 10,,,,
1331,1:31 PM,10.01 mi,$13.92 ,Thursday May 10,,,,
1411,2:11 PM,12.50 mi,$16.48 ,Thursday May 10,,,,
1449,2:49 PM,11.76 mi,$11.97 ,Thursday May 10,,,,
0651,6:51 AM,9.85 mi,$10.49 ,Friday May 11,,,,
0723,7:23 AM,1.73 mi,$4.85 ,Friday May 11,,,,
0732,7:32 AM,4.24 mi,$8.38 ,Friday May 11,,,,
0757,7:57 AM,6.67 mi,$6.49 ,Friday May 11,,,,
0822,8:22 AM,1.88 mi,$2.85 ,Friday May 11,,,,
0843,8:43 AM,1.01 mi,$2.85 ,Friday May 11,,,,
0859,8:59 AM,6.28 mi,$6.07 ,Friday May 11,,,,
0932,9:32 AM,11.16 mi,$11.44 ,Friday May 11,,,,
0949,9:49 AM,22.46 mi,$20.40 ,Friday May 11,,,,
1025,10:25 AM,7.72 mi,$7.92 ,Friday May 11,,,,
1100,11:00 AM,11.57 mi,$9.73 ,Friday May 11,,,,
1212,12:12 PM,41.60 mi,$32.69 ,Friday May 11,,,,
1304,1:04 PM,3.16 mi,$3.53 ,Friday May 11,,,,
1331,1:31 PM,20.97 mi,$22.83 ,Friday May 11,,,,
1422,2:22 PM,5.62 mi,$5.56 ,Friday May 11,,,,
1457,2:57 PM,5.53 mi,$5.94 ,Friday May 11,,,,
1523,3:23 PM,21.64 mi,$20.47 ,Friday May 11,,,,
0655,6:55 AM,8.46 mi,$10.09 ,Mon May 14,,,,
0730,7:30 AM,1.69 mi,$2.85 ,Mon May 14,,,,
0747,7:47 AM,15.81 mi,$13.64 ,Mon May 14,,,,
0846,8:46 AM,3.21 mi,$3.86 ,Mon May 14,,,,
0906,9:06 AM,9.39 mi,$13.87 ,Mon May 14,,,,
0927,9:27 AM,4.23 mi,$4.30 ,Mon May 14,,,,
0941,9:41 AM,3.89 mi,$4.15 ,Mon May 14,,,,
1000,10:00 AM,1.39 mi,$2.89 ,Mon May 14,,,,
1012,10:12 AM,8.03 mi,$10.78 ,Mon May 14,,,,
1110,11:10 AM,7.42 mi,$7.35 ,Mon May 14,,,,
1140,11:40 AM,17.57 mi,$14.54 ,Mon May 14,,,,
1246,12:46 PM,10.76 mi,$11.10 ,Mon May 14,,,,
1306,1:06 PM,7.06 mi,$13.85 ,Mon May 14,,,,
1342,1:42 PM,2.91 mi,$3.24 ,Mon May 14,,,,
1400,2:00 PM,7.02 mi,$6.69 ,Mon May 14,,,,
1425,2:25 PM,1.79 mi,$2.85 ,Mon May 14,,,,
1443,2:43 PM,1.52 mi,$2.85 ,Mon May 14,,,,
1504,3:04 PM,2.12 mi,$2.85 ,Mon May 14,,,,
1516,3:16 PM,11.49 mi,$11.77 ,Mon May 14,,,,
1553,3:53 PM,3.23 mi,$5.12 ,Mon May 14,,,,
1616,4:16 PM,15.80 mi,$14.71 ,Mon May 14,,,,
1715,5:15 PM,22.10 mi,$21.28 ,Mon May 14,,,,
1759,5:59 PM,10.27 mi,$11.18 ,Mon May 14,,,,
0637,6:37 AM,6.07 mi,$5.84 ,Tue May 15,,,,
0703,7:03 AM,14.73 mi,$19.90 ,Tue May 15,,,,
0741,7:41 AM,20.56 mi,$19.02 ,Tue May 15,,,,
0814,8:14 AM,18.88 mi,$20.55 ,Tue May 15,,,,
0851,8:51 AM,20.12 mi,$18.85 ,Tue May 15,,,,
0934,9:34 AM,14.58 mi,$14.57 ,Tue May 15,,,,
1018,10:18 AM,18.19 mi,$21.89 ,Tue May 15,,,,
1112,11:12 AM,11.19 mi,$16.25 ,Tue May 15,,,,
1135,11:35 AM,23.03 mi,$29.21 ,Tue May 15,,,,
1216,12:16 PM,1.13 mi,$2.85 ,Tue May 15,,,,
1244,12:44 PM,3.26 mi,$3.59 ,Tue May 15,,,,
1336,1:36 PM,21.22 mi,$17.49 ,Tue May 15,,,,
1415,2:15 PM,3.90 mi,$3.97 ,Tue May 15,,,,
1436,2:36 PM,4.26 mi,$4.39 ,Tue May 15,,,,
1516,3:16 PM,5.98 mi,$5.89 ,Tue May 15,,,,
0630,6:30 AM,7.15 mi,$8.74 ,Wed May 16,,,,
0703,7:03 AM,9.24 mi,$9.00 ,Wed May 16,,,,
0727,7:27 AM,7.27 mi,$8.36 ,Wed May 16,,,,
0811,8:11 AM,0.00 mi,$3.75 ,Wed May 16,,,,
0846,8:46 AM,5.65 mi,$10.61 ,Wed May 16,,,,
0937,9:37 AM,22.58 mi,$18.58 ,Wed May 16,,,,
1017,10:17 AM,4.86 mi,$5.65 ,Wed May 16,,,,
1031,10:31 AM,17.66 mi,$14.68 ,Wed May 16,,,,
1135,11:35 AM,2.21 mi,$2.85 ,Wed May 16,,,,
1211,12:11 PM,1.46 mi,$2.85 ,Wed May 16,,,,
1215,12:15 PM,5.32 mi,$5.20 ,Wed May 16,,,,
1239,12:39 PM,3.59 mi,$3.73 ,Wed May 16,,,,
1253,12:53 PM,0.00 mi,$3.75 ,Wed May 16,,,,
1329,1:29 PM,11.97 mi,$10.39 ,Wed May 16,,,,
1357,1:57 PM,40.21 mi,$32.21 ,Wed May 16,,,,
1444,2:44 PM,30.64 mi,$34.82 ,Wed May 16,,,,
1608,4:08 PM,24.11 mi,$19.64 ,Wed May 16,,,,
1647,4:47 PM,7.44 mi,$7.34 ,Wed May 16,,,,
0638,6:38 AM,22.44 mi,$18.64 ,Thu May 17,,,,
0716,7:16 AM,28.36 mi,$48.01 ,Thu May 17,,,,
0826,8:26 AM,2.77 mi,$3.26 ,Thu May 17,,,,
0843,8:43 AM,3.50 mi,$3.88 ,Thu May 17,,,,
0917,9:17 AM,4.44 mi,$4.60 ,Thu May 17,,,,
0933,9:33 AM,9.28 mi,$8.35 ,Thu May 17,,,,
1011,10:11 AM,5.56 mi,$5.44 ,Thu May 17,,,,
1059,10:59 AM,22.55 mi,$18.66 ,Thu May 17,,,,
1205,12:05 PM,11.74 mi,$12.06 ,Thu May 17,,,,
1255,12:55 PM,12.08 mi,$15.30 ,Thu May 17,,,,
1358,1:58 PM,6.55 mi,$6.28 ,Thu May 17,,,,
1415,2:15 PM,11.61 mi,$10.22 ,Thu May 17,,,,
1510,3:10 PM,11.39 mi,$15.85 ,Thu May 17,,,,
1551,3:51 PM,1.60 mi,$2.85 ,Thu May 17,,,,
1603,4:03 PM,8.48 mi,$9.60 ,Thu May 17,,,,
1633,4:33 PM,18.94 mi,$16.69 ,Thu May 17,,,,
0721,7:21 AM,0.74 mi,$2.85 ,Fri May 18,,,,
0730,7:30 AM,4.46 mi,$4.78 ,Fri May 18,,,,
0749,7:49 AM,6.91 mi,$6.66 ,Fri May 18,,,,
0815,8:15 AM,6.14 mi,$7.68 ,Fri May 18,,,,
0842,8:42 AM,1.58 mi,$2.85 ,Fri May 18,,,,
0857,8:57 AM,1.87 mi,$3.05 ,Fri May 18,,,,
0913,9:13 AM,2.62 mi,$3.10 ,Fri May 18,,,,
0925,9:25 AM,13.63 mi,$11.59 ,Fri May 18,,,,
1013,10:13 AM,10.97 mi,$12.18 ,Fri May 18,,,,
1106,11:06 AM,11.02 mi,$11.52 ,Fri May 18,,,,
1126,11:26 AM,22.09 mi,$21.86 ,Fri May 18,,,,
1202,12:02 PM,1.08 mi,$2.85 ,Fri May 18,,,,
1215,12:15 PM,0.78 mi,$4.85 ,Fri May 18,,,,
1234,12:34 PM,8.03 mi,$8.85 ,Fri May 18,,,,
1253,12:53 PM,1.90 mi,$3.85 ,Fri May 18,,,,
1314,1:14 PM,0.60 mi,$2.85 ,Fri May 18,,,,
1323,1:23 PM,2.58 mi,$3.04 ,Fri May 18,,,,
1335,1:35 PM,6.45 mi,$6.07 ,Fri May 18,,,,
1414,2:14 PM,3.14 mi,$3.47 ,Fri May 18,,,,
1427,2:27 PM,9.89 mi,$15.81 ,Fri May 18,,,,
1500,3:00 PM,9.90 mi,$11.40 ,Fri May 18,,,,
1525,3:25 PM,19.96 mi,$18.89 ,Fri May 18,,,,
0630,6:30 AM,4.21 mi,$4.54 ,Mon May 21,,,,
0650,6:50 AM,7.93 mi,$8.04 ,Mon May 21,,,,
0709,7:09 AM,18.84 mi,$18.24 ,Mon May 21,,,,
0813,8:13 AM,9.97 mi,$13.58 ,Mon May 21,,,,
0829,8:29 AM,22.71 mi,$20.68 ,Mon May 21,,,,
0903,9:03 AM,1.51 mi,$4.85 ,Mon May 21,,,,
0921,9:21 AM,5.78 mi,$9.57 ,Mon May 21,,,,
0944,9:44 AM,6.08 mi,$5.74 ,Mon May 21,,,,
1047,10:47 AM,1.56 mi,$2.85 ,Mon May 21,,,,
1115,11:15 AM,2.80 mi,$3.31 ,Mon May 21,,,,
1134,11:34 AM,11.95 mi,$12.15 ,Mon May 21,,,,
1154,11:54 AM,33.76 mi,$34.00 ,Mon May 21,,,,
1313,1:13 PM,6.99 mi,$6.57 ,Mon May 21,,,,
1344,1:44 PM,2.46 mi,$3.43 ,Mon May 21,,,,
1423,2:23 PM,21.57 mi,$29.75 ,Mon May 21,,,,
1511,3:11 PM,2.70 mi,$3.79 ,Mon May 21,,,,
1535,3:35 PM,2.54 mi,$2.87 ,Mon May 21,,,,
1600,4:00 PM,12.81 mi,$14.55 ,Mon May 21,,,,
1626,4:26 PM,3.78 mi,$4.05 ,Mon May 21,,,,
1648,4:48 PM,8.25 mi,$8.59 ,Mon May 21,,,,
0709,7:09 AM,8.57 mi,$14.69 ,Tue May 22,,,,
0735,7:35 AM,9.66 mi,$10.77 ,Tue May 22,,,,
0807,8:07 AM,1.80 mi,$5.85 ,Tue May 22,,,,
0831,8:31 AM,10.28 mi,$9.69 ,Tue May 22,,,,
0904,9:04 AM,2.64 mi,$2.98 ,Tue May 22,,,,
0918,9:18 AM,11.13 mi,$10.09 ,Tue May 22,,,,
1027,10:27 AM,11.15 mi,$11.80 ,Tue May 22,,,,
1049,10:49 AM,10.96 mi,$16.55 ,Tue May 22,,,,
1151,11:51 AM,9.81 mi,$8.42 ,Tue May 22,,,,
1217,12:17 PM,1.43 mi,$2.85 ,Tue May 22,,,,
1240,12:40 PM,9.28 mi,$8.71 ,Tue May 22,,,,
1328,1:28 PM,11.71 mi,$12.02 ,Tue May 22,,,,
1451,2:51 PM,11.01 mi,$13.37 ,Tue May 22,,,,
1518,3:18 PM,21.91 mi,$20.31 ,Tue May 22,,,,
1608,4:08 PM,27.94 mi,$23.44 ,Tue May 22,,,,
1658,4:58 PM,18.50 mi,$15.71 ,Tue May 22,,,,
1743,5:43 PM,4.50 mi,$4.63 ,Tue May 22,,,,
1759,5:59 PM,13.70 mi,$16.07 ,Tue May 22,,,,
0632,6:32 AM,19.87 mi,$23.40 ,Wed May 23,,,,
0713,7:13 AM,4.44 mi,$9.39 ,Wed May 23,,,,
0726,7:26 AM,6.25 mi,$5.96 ,Wed May 23,,,,
0751,7:51 AM,7.03 mi,$6.95 ,Wed May 23,,,,
0820,8:20 AM,10.57 mi,$9.25 ,Wed May 23,,,,
0857,8:57 AM,3.21 mi,$3.43 ,Wed May 23,,,,
0908,9:08 AM,2.20 mi,$2.85 ,Wed May 23,,,,
0929,9:29 AM,29.26 mi,$23.66 ,Wed May 23,,,,
1032,10:32 AM,5.75 mi,$7.48 ,Wed May 23,,,,
1107,11:07 AM,15.82 mi,$13.49 ,Wed May 23,,,,
1140,11:40 AM,3.52 mi,$7.09 ,Wed May 23,,,,
1209,12:09 PM,6.11 mi,$5.78 ,Wed May 23,,,,
1226,12:26 PM,3.19 mi,$3.67 ,Wed May 23,,,,
1246,12:46 PM,2.74 mi,$3.27 ,Wed May 23,,,,
1304,1:04 PM,3.82 mi,$4.11 ,Wed May 23,,,,
1324,1:24 PM,8.70 mi,$7.87 ,Wed May 23,,,,
1410,2:10 PM,6.00 mi,$5.60 ,Wed May 23,,,,
1439,2:39 PM,9.34 mi,$10.91 ,Wed May 23,,,,
1520,3:20 PM,2.94 mi,$3.50 ,Wed May 23,,,,
1543,3:43 PM,2.79 mi,$3.29 ,Wed May 23,,,,
1607,4:07 PM,19.72 mi,$26.64 ,Wed May 23,,,,
1655,4:55 PM,8.03 mi,$10.19 ,Wed May 23,,,,
1755,5:55 PM,15.20 mi,$13.54 ,Wed May 23,,,,
0638,6:38 AM,24.41 mi,$32.85 ,Thu May 24,,,,
0812,8:12 AM,9.66 mi,$8.28 ,Thu May 24,,,,
0830,8:30 AM,14.28 mi,$12.70 ,Thu May 24,,,,
0937,9:37 AM,14.70 mi,$12.53 ,Thu May 24,,,,
1003,10:03 AM,23.66 mi,$25.60 ,Thu May 24,,,,
1042,10:42 AM,10.32 mi,$11.27 ,Thu May 24,,,,
1311,1:11 PM,25.62 mi,$28.86 ,Thu May 24,,,,
1419,2:19 PM,0.00 mi,$3.75 ,Thu May 24,,,,
1457,2:57 PM,12.08 mi,$13.71 ,Thu May 24,,,,
1541,3:41 PM,10.30 mi,$9.39 ,Thu May 24,,,,
1613,4:13 PM,19.25 mi,$18.22 ,Thu May 24,,,,
1648,4:48 PM,26.10 mi,$27.48 ,Thu May 24,,,,
0715,7:15 AM,7.32 mi,$8.97 ,Fri May 25,,,,
0736,7:36 AM,3.74 mi,$10.37 ,Fri May 25,,,,
0822,8:22 AM,2.31 mi,$3.03 ,Fri May 25,,,,
0843,8:43 AM,1.01 mi,$2.85 ,Fri May 25,,,,
0858,8:58 AM,7.55 mi,$7.02 ,Fri May 25,,,,
0944,9:44 AM,10.40 mi,$10.92 ,Fri May 25,,,,
1004,10:04 AM,22.47 mi,$28.53 ,Fri May 25,,,,
1103,11:03 AM,3.60 mi,$4.57 ,Fri May 25,,,,
1255,12:55 PM,10.95 mi,$16.31 ,Fri May 25,,,,
1313,1:13 PM,21.69 mi,$20.11 ,Fri May 25,,,,
1354,1:54 PM,3.77 mi,$3.86 ,Fri May 25,,,,
1432,2:32 PM,8.31 mi,$13.06 ,Fri May 25,,,,
1551,3:51 PM,0.00 mi,$3.75 ,Fri May 25,,,,
0648,6:48 AM,16.13 mi,$20.53 ,Thu May 31,,,,
0725,7:25 AM,12.39 mi,$10.44 ,Thu May 31,,,,
0745,7:45 AM,1.13 mi,$2.85 ,Thu May 31,,,,
0818,8:18 AM,7.83 mi,$6.81 ,Thu May 31,,,,
0836,8:36 AM,7.47 mi,$8.78 ,Thu May 31,,,,
0920,9:20 AM,11.56 mi,$11.88 ,Thu May 31,,,,
0940,9:40 AM,6.64 mi,$8.04 ,Thu May 31,,,,
1057,10:57 AM,6.88 mi,$6.07 ,Thu May 31,,,,
1117,11:17 AM,16.68 mi,$13.53 ,Thu May 31,,,,
1156,11:56 AM,20.99 mi,$25.23 ,Thu May 31,,,,
1233,12:33 PM,4.45 mi,$5.06 ,Thu May 31,,,,
1300,1:00 PM,12.31 mi,$12.54 ,Thu May 31,,,,
1357,1:57 PM,3.33 mi,$3.70 ,Thu May 31,,,,
1415,2:15 PM,2.83 mi,$3.31 ,Thu May 31,,,,
1435,2:35 PM,3.01 mi,$3.29 ,Thu May 31,,,,
1518,3:18 PM,9.03 mi,$15.02 ,Thu May 31,,,,
1610,4:10 PM,5.87 mi,$5.88 ,Thu May 31,,,,
1631,4:31 PM,9.81 mi,$14.52 ,Thu May 31,,,,
1734,5:34 PM,13.53 mi,$12.58 ,Thu May 31,,,,
0650,6:50 AM,2.35 mi,$3.07 ,Fri Jun 1,,,,
0727,7:27 AM,4.19 mi,$4.40 ,Fri Jun 1,,,,
0747,7:47 AM,10.54 mi,$11.12 ,Fri Jun 1,,,,
0831,8:31 AM,15.64 mi,$15.28 ,Fri Jun 1,,,,
0908,9:08 AM,6.54 mi,$6.25 ,Fri Jun 1,,,,
0947,9:47 AM,5.62 mi,$5.43 ,Fri Jun 1,,,,
1007,10:07 AM,3.57 mi,$3.88 ,Fri Jun 1,,,,
1109,11:09 AM,9.33 mi,$8.90 ,Fri Jun 1,,,,
1156,11:56 AM,8.62 mi,$8.46 ,Fri Jun 1,,,,
1221,12:21 PM,0.62 mi,$2.85 ,Fri Jun 1,,,,
1230,12:30 PM,4.02 mi,$4.65 ,Fri Jun 1,,,,
1249,12:49 PM,0.95 mi,$2.85 ,Fri Jun 1,,,,
1257,12:57 PM,5.68 mi,$5.65 ,Fri Jun 1,,,,
1324,1:24 PM,2.65 mi,$3.25 ,Fri Jun 1,,,,
1431,2:31 PM,10.04 mi,$11.05 ,Fri Jun 1,,,,
1524,3:24 PM,7.24 mi,$7.94 ,Fri Jun 1,,,,
1615,4:15 PM,1.77 mi,$2.85 ,Fri Jun 1,,,,
1649,4:49 PM,9.84 mi,$9.23 ,Fri Jun 1,,,,
0723,7:23 AM,15.97 mi,$21.65 ,Mon June 4,,,,
1137,11:37 AM,26.05 mi,$28.51 ,Mon June 4,,,,
1217,12:17 PM,0.83 mi,$2.85 ,Mon June 4,,,,
1223,12:23 PM,4.11 mi,$4.07 ,Mon June 4,,,,
1235,12:35 PM,6.28 mi,$6.02 ,Mon June 4,,,,
1251,12:51 PM,3.59 mi,$5.88 ,Mon June 4,,,,
1340,1:40 PM,2.49 mi,$3.83 ,Mon June 4,,,,
1446,2:46 PM,10.31 mi,$10.89 ,Mon June 4,,,,
1522,3:22 PM,12.39 mi,$10.39 ,Mon June 4,,,,
1603,4:03 PM,4.64 mi,$4.94 ,Mon June 4,,,,
0645,6:45 AM,3.67 mi,$4.33 ,Tue Jun 5,,,,
0706,7:06 AM,2.04 mi,$7.85 ,Tue Jun 5,,,,
0718,7:18 AM,6.05 mi,$5.83 ,Tue Jun 5,,,,
0813,8:13 AM,5.61 mi,$5.83 ,Tue Jun 5,,,,
0848,8:48 AM,1.62 mi,$2.92 ,Tue Jun 5,,,,
0916,9:16 AM,5.19 mi,$13.50 ,Tue Jun 5,,,,
0948,9:48 AM,1.97 mi,$2.85 ,Tue Jun 5,,,,
1012,10:12 AM,11.08 mi,$14.41 ,Tue Jun 5,,,,
1032,10:32 AM,24.74 mi,$24.55 ,Tue Jun 5,,,,
0730,7:30 AM,5.01 mi,$5.07 ,Wed Jun 6,,,,
0833,8:33 AM,0.98 mi,$2.85 ,Wed Jun 6,,,,
0840,8:40 AM,12.01 mi,$15.54 ,Wed Jun 6,,,,
0926,9:26 AM,4.41 mi,$4.25 ,Wed Jun 6,,,,
0946,9:46 AM,2.62 mi,$3.28 ,Wed Jun 6,,,,
1005,10:05 AM,25.15 mi,$19.96 ,Wed Jun 6,,,,
1043,10:43 AM,7.31 mi,$6.64 ,Wed Jun 6,,,,
1058,10:58 AM,10.23 mi,$9.64 ,Wed Jun 6,,,,
1257,12:57 PM,3.04 mi,$3.75 ,Wed Jun 6,,,,
1318,1:18 PM,2.97 mi,$3.46 ,Wed Jun 6,,,,
1429,2:29 PM,15.84 mi,$19.20 ,Wed Jun 6,,,,
1517,3:17 PM,6.92 mi,$8.37 ,Wed Jun 6,,,,
1553,3:53 PM,8.43 mi,$7.81 ,Wed Jun 6,,,,
1620,4:20 PM,12.30 mi,$12.40 ,Wed Jun 6,,,,
1713,5:13 PM,2.47 mi,$6.85 ,Wed Jun 6,,,,
1735,5:35 PM,2.05 mi,$3.30 ,Wed Jun 6,,,,
1754,5:54 PM,3.12 mi,$11.17 ,Wed Jun 6,,,,
0651,6:51 AM,3.58 mi,$3.73 ,Thu Jun 7,,,,
0729,7:29 AM,6.20 mi,$12.98 ,Thu Jun 7,,,,
0756,7:56 AM,1.56 mi,$2.85 ,Thu Jun 7,,,,
0811,8:11 AM,12.71 mi,$12.28 ,Thu Jun 7,,,,
0836,8:36 AM,10.19 mi,$11.69 ,Thu Jun 7,,,,
0931,9:31 AM,6.06 mi,$5.65 ,Thu Jun 7,,,,
1001,10:01 AM,1.48 mi,$3.31 ,Thu Jun 7,,,,
1019,10:19 AM,5.22 mi,$5.73 ,Thu Jun 7,,,,
1042,10:42 AM,1.62 mi,$4.66 ,Thu Jun 7,,,,
1105,11:05 AM,1.07 mi,$2.85 ,Thu Jun 7,,,,
1114,11:14 AM,2.13 mi,$5.85 ,Thu Jun 7,,,,
1131,11:31 AM,9.36 mi,$12.07 ,Thu Jun 7,,,,
1206,12:06 PM,2.90 mi,$3.31 ,Thu Jun 7,,,,
1234,12:34 PM,15.22 mi,$15.62 ,Thu Jun 7,,,,
0922,9:22 AM,1.02 mi,$2.85 ,Fri Jun 8,,,,
0945,9:45 AM,40.90 mi,$43.01 ,Fri Jun 8,,,,
0707,7:07 AM,2.33 mi,$2.85 ,Tue June 19,,,,
0718,7:18 AM,5.70 mi,$5.30 ,Tue June 19,,,,
0731,7:31 AM,4.44 mi,$4.61 ,Tue June 19,,,,
0759,7:59 AM,13.29 mi,$16.61 ,Tue June 19,,,,
0827,8:27 AM,4.63 mi,$13.86 ,Tue June 19,,,,
0908,9:08 AM,7.74 mi,$7.17 ,Tue June 19,,,,
0945,9:45 AM,3.54 mi,$3.71 ,Tue June 19,,,,
1017,10:17 AM,1.93 mi,$2.85 ,Tue June 19,,,,
1155,11:55 AM,1.38 mi,$2.85 ,Tue June 19,,,,
1218,12:18 PM,2.99 mi,$3.33 ,Tue June 19,,,,
1242,12:42 PM,9.30 mi,$8.29 ,Tue June 19,,,,
1306,1:06 PM,22.25 mi,$20.33 ,Tue June 19,,,,
1430,2:30 PM,0.00 mi,$3.75 ,Tue June 19,,,,
1444,2:44 PM,15.48 mi,$12.99 ,Tue June 19,,,,
1516,3:16 PM,6.50 mi,$8.14 ,Tue June 19,,,,
1534,3:34 PM,20.82 mi,$19.95 ,Tue June 19,,,,
1619,4:19 PM,1.66 mi,$6.19 ,Tue June 19,,,,
1642,4:42 PM,0.83 mi,$2.85 ,Tue June 19,,,,
0645,6:45 AM,26.88 mi,$21.67 ,Wed Jun 20,,,,
0725,7:25 AM,5.97 mi,$5.81 ,Wed Jun 20,,,,
0742,7:42 AM,0.00 mi,$3.75 ,Wed Jun 20,,,,
0751,7:51 AM,3.02 mi,$3.31 ,Wed Jun 20,,,,
0814,8:14 AM,1.76 mi,$4.85 ,Wed Jun 20,,,,
0822,8:22 AM,3.86 mi,$4.12 ,Wed Jun 20,,,,
0904,9:04 AM,10.33 mi,$16.04 ,Wed Jun 20,,,,
0927,9:27 AM,21.37 mi,$22.43 ,Wed Jun 20,,,,
1007,10:07 AM,1.37 mi,$2.85 ,Wed Jun 20,,,,
1026,10:26 AM,3.98 mi,$4.29 ,Wed Jun 20,,,,
1036,10:36 AM,11.69 mi,$14.50 ,Wed Jun 20,,,,
1125,11:25 AM,8.58 mi,$7.76 ,Wed Jun 20,,,,
1212,12:12 PM,11.03 mi,$14.38 ,Wed Jun 20,,,,
1247,12:47 PM,7.84 mi,$9.04 ,Wed Jun 20,,,,
1324,1:24 PM,11.36 mi,$21.63 ,Wed Jun 20,,,,
1419,2:19 PM,11.28 mi,$15.00 ,Wed Jun 20,,,,
1504,3:04 PM,10.36 mi,$10.85 ,Wed Jun 20,,,,
1531,3:31 PM,0.00 mi,$3.75 ,Wed Jun 20,,,,
1552,3:52 PM,4.32 mi,$5.45 ,Wed Jun 20,,,,
1618,4:18 PM,5.18 mi,$5.28 ,Wed Jun 20,,,,
1636,4:36 PM,1.40 mi,$2.95 ,Wed Jun 20,,,,
1647,4:47 PM,1.85 mi,$2.85 ,Wed Jun 20,,,,
1708,5:08 PM,5.46 mi,$5.45 ,Wed Jun 20,,,,
0651,6:51 AM,7.78 mi,$9.99 ,Thu Jun 21,,,,
0705,7:05 AM,15.44 mi,$13.96 ,Thu Jun 21,,,,
0749,7:49 AM,2.45 mi,$3.14 ,Thu Jun 21,,,,
0807,8:07 AM,2.84 mi,$5.32 ,Thu Jun 21,,,,
0822,8:22 AM,12.71 mi,$16.43 ,Thu Jun 21,,,,
0914,9:14 AM,3.14 mi,$4.06 ,Thu Jun 21,,,,
0931,9:31 AM,3.62 mi,$3.82 ,Thu Jun 21,,,,
1047,10:47 AM,5.68 mi,$5.49 ,Thu Jun 21,,,,
1110,11:10 AM,7.01 mi,$6.51 ,Thu Jun 21,,,,
1138,11:38 AM,9.65 mi,$10.32 ,Thu Jun 21,,,,
1159,11:59 AM,20.30 mi,$25.96 ,Thu Jun 21,,,,
1236,12:36 PM,2.09 mi,$3.36 ,Thu Jun 21,,,,
1319,1:19 PM,10.35 mi,$12.19 ,Thu Jun 21,,,,
1356,1:56 PM,10.82 mi,$12.09 ,Thu Jun 21,,,,
1434,2:34 PM,11.36 mi,$14.71 ,Thu Jun 21,,,,
1512,3:12 PM,3.12 mi,$5.16 ,Thu Jun 21,,,,
1544,3:44 PM,11.90 mi,$11.09 ,Thu Jun 21,,,,
1616,4:16 PM,3.28 mi,$3.58 ,Thu Jun 21,,,,
1634,4:34 PM,2.78 mi,$3.35 ,Thu Jun 21,,,,
1644,4:44 PM,12.11 mi,$13.12 ,Thu Jun 21,,,,
1757,5:57 PM,13.94 mi,$12.79 ,Thu Jun 21,,,,
0722,7:22 AM,13.98 mi,$18.69 ,Fri Jun 22,,,,
0747,7:47 AM,21.17 mi,$19.80 ,Fri Jun 22,,,,
0826,8:26 AM,3.37 mi,$4.20 ,Fri Jun 22,,,,
0855,8:55 AM,23.42 mi,$20.06 ,Fri Jun 22,,,,
0939,9:39 AM,12.14 mi,$10.44 ,Fri Jun 22,,,,
1012,10:12 AM,6.97 mi,$6.64 ,Fri Jun 22,,,,
1041,10:41 AM,17.06 mi,$14.50 ,Fri Jun 22,,,,
1132,11:32 AM,4.67 mi,$5.01 ,Fri Jun 22,,,,
1226,12:26 PM,9.60 mi,$10.47 ,Fri Jun 22,,,,
1257,12:57 PM,9.49 mi,$10.53 ,Fri Jun 22,,,,
1327,1:27 PM,2.74 mi,$3.17 ,Fri Jun 22,,,,
1339,1:39 PM,4.52 mi,$9.57 ,Fri Jun 22,,,,
1357,1:57 PM,8.25 mi,$9.27 ,Fri Jun 22,,,,
1435,2:35 PM,11.43 mi,$11.67 ,Fri Jun 22,,,,
1509,3:09 PM,7.01 mi,$6.85 ,Fri Jun 22,,,,
1540,3:40 PM,10.27 mi,$9.49 ,Fri Jun 22,,,,
1606,4:06 PM,0.50 mi,$2.85 ,Fri Jun 22,,,,
1612,4:12 PM,5.40 mi,$5.43 ,Fri Jun 22,,,,
1632,4:32 PM,0.00 mi,$3.75 ,Fri Jun 22,,,,
1638,4:38 PM,5.50 mi,$5.74 ,Fri Jun 22,,,,
0724,7:24 AM,11.27 mi,$12.71 ,Tue June 26,,,,
0746,7:46 AM,3.07 mi,$4.12 ,Tue June 26,,,,
0810,8:10 AM,4.92 mi,$4.81 ,Tue June 26,,,,
0838,8:38 AM,19.90 mi,$18.36 ,Tue June 26,,,,
0956,9:56 AM,5.18 mi,$5.57 ,Tue June 26,,,,
1146,11:46 AM,3.68 mi,$3.78 ,Tue June 26,,,,
1206,12:06 PM,27.65 mi,$32.71 ,Tue June 26,,,,
1302,1:02 PM,8.24 mi,$9.23 ,Tue June 26,,,,
1317,1:17 PM,16.94 mi,$15.89 ,Tue June 26,,,,
1429,2:29 PM,1.47 mi,$4.98 ,Tue June 26,,,,
1441,2:41 PM,10.43 mi,$15.84 ,Tue June 26,,,,
1511,3:11 PM,10.46 mi,$9.98 ,Tue June 26,,,,
1557,3:57 PM,4.31 mi,$4.99 ,Tue June 26,,,,
1622,4:22 PM,17.01 mi,$15.25 ,Tue June 26,,,,
1705,5:05 PM,7.73 mi,$7.73 ,Tue June 26,,,,
1737,5:37 PM,9.15 mi,$9.71 ,Tue June 26,,,,
0654,6:54 AM,10.66 mi,$9.27 ,Wed Jun 27,,,,
0723,7:23 AM,20.08 mi,$19.80 ,Wed Jun 27,,,,
0858,8:58 AM,1.90 mi,$2.85 ,Wed Jun 27,,,,
0919,9:19 AM,7.38 mi,$8.91 ,Wed Jun 27,,,,
0956,9:56 AM,8.43 mi,$8.41 ,Wed Jun 27,,,,
1028,10:28 AM,9.01 mi,$7.93 ,Wed Jun 27,,,,
1114,11:14 AM,4.33 mi,$6.46 ,Wed Jun 27,,,,
1134,11:34 AM,13.05 mi,$16.07 ,Wed Jun 27,,,,
1203,12:03 PM,5.03 mi,$14.82 ,Wed Jun 27,,,,
1239,12:39 PM,11.61 mi,$12.21 ,Wed Jun 27,,,,
1315,1:15 PM,11.27 mi,$15.92 ,Wed Jun 27,,,,
1317,1:17 PM,2.16 mi,$4.98 ,Wed Jun 27,,,,
1425,2:25 PM,12.71 mi,$18.02 ,Wed Jun 27,,,,
1524,3:24 PM,1.71 mi,$2.85 ,Wed Jun 27,,,,
1534,3:34 PM,4.33 mi,$5.41 ,Wed Jun 27,,,,
1546,3:46 PM,14.59 mi,$26.57 ,Wed Jun 27,,,,
1625,4:25 PM,2.74 mi,$3.23 ,Wed Jun 27,,,,
1638,4:38 PM,4.66 mi,$7.34 ,Wed Jun 27,,,,
0657,6:57 AM,7.99 mi,$10.15 ,Thu Jun 28,,,,
0722,7:22 AM,2.57 mi,$7.85 ,Thu Jun 28,,,,
0736,7:36 AM,24.49 mi,$19.63 ,Thu Jun 28,,,,
0825,8:25 AM,13.26 mi,$11.68 ,Thu Jun 28,,,,
0901,9:01 AM,3.37 mi,$3.56 ,Thu Jun 28,,,,
0924,9:24 AM,26.75 mi,$22.04 ,Thu Jun 28,,,,
1016,10:16 AM,2.69 mi,$3.15 ,Thu Jun 28,,,,
1104,11:04 AM,9.02 mi,$11.82 ,Thu Jun 28,,,,
1122,11:22 AM,35.20 mi,$30.10 ,Thu Jun 28,,,,
1213,12:13 PM,1.72 mi,$2.85 ,Thu Jun 28,,,,
1238,12:38 PM,1.07 mi,$2.85 ,Thu Jun 28,,,,
1351,1:51 PM,11.72 mi,$17.33 ,Thu Jun 28,,,,
1429,2:29 PM,11.50 mi,$10.66 ,Thu Jun 28,,,,
1525,3:25 PM,11.94 mi,$17.16 ,Thu Jun 28,,,,
1546,3:46 PM,22.25 mi,$20.86 ,Thu Jun 28,,,,
1624,4:24 PM,0.75 mi,$2.85 ,Thu Jun 28,,,,
1637,4:37 PM,7.84 mi,$11.51 ,Thu Jun 28,,,,
0641,6:41 AM,4.28 mi,$4.21 ,Fri Jun 29,,,,
0737,7:37 AM,10.68 mi,$11.32 ,Fri Jun 29,,,,
0802,8:02 AM,7.59 mi,$12.06 ,Fri Jun 29,,,,
0828,8:28 AM,1.91 mi,$2.85 ,Fri Jun 29,,,,
0842,8:42 AM,6.39 mi,$6.71 ,Fri Jun 29,,,,
0915,9:15 AM,10.22 mi,$11.61 ,Fri Jun 29,,,,
1003,10:03 AM,9.54 mi,$13.89 ,Fri Jun 29,,,,
1054,10:54 AM,3.50 mi,$4.10 ,Fri Jun 29,,,,
1109,11:09 AM,1.41 mi,$2.85 ,Fri Jun 29,,,,
1122,11:22 AM,5.50 mi,$5.41 ,Fri Jun 29,,,,
1149,11:49 AM,12.94 mi,$12.92 ,Fri Jun 29,,,,
1214,12:14 PM,16.71 mi,$15.90 ,Fri Jun 29,,,,
1320,1:20 PM,8.49 mi,$14.40 ,Fri Jun 29,,,,
1337,1:37 PM,54.80 mi,$68.14 ,Fri Jun 29,,,,
1523,3:23 PM,5.44 mi,$5.50 ,Fri Jun 29,,,,
0732,7:32 AM,1.37 mi,$2.85 ,Mon Jul 2,,,,
0740,7:40 AM,1.31 mi,$2.85 ,Mon Jul 2,,,,
0751,7:51 AM,17.77 mi,$15.09 ,Mon Jul 2,,,,
0850,8:50 AM,11.52 mi,$16.73 ,Mon Jul 2,,,,
0908,9:08 AM,18.58 mi,$17.38 ,Mon Jul 2,,,,
0954,9:54 AM,10.60 mi,$9.19 ,Mon Jul 2,,,,
1031,10:31 AM,10.98 mi,$19.30 ,Mon Jul 2,,,,
1047,10:47 AM,13.43 mi,$16.19 ,Mon Jul 2,,,,
1111,11:11 AM,3.30 mi,$3.57 ,Mon Jul 2,,,,
1123,11:23 AM,4.98 mi,$4.99 ,Mon Jul 2,,,,
1220,12:20 PM,6.07 mi,$5.95 ,Mon Jul 2,,,,
1223,12:23 PM,3.55 mi,$4.16 ,Mon Jul 2,,,,
1304,1:04 PM,5.94 mi,$7.71 ,Mon Jul 2,,,,
1343,1:43 PM,2.02 mi,$2.85 ,Mon Jul 2,,,,
1422,2:22 PM,33.15 mi,$26.56 ,Mon Jul 2,,,,
1522,3:22 PM,3.18 mi,$3.46 ,Mon Jul 2,,,,
1606,4:06 PM,5.88 mi,$5.79 ,Mon Jul 2,,,,
0734,7:34 AM,5.61 mi,$7.23 ,Tue Jul 3,,,,
0801,8:01 AM,11.26 mi,$11.58 ,Tue Jul 3,,,,
0853,8:53 AM,12.77 mi,$12.96 ,Tue Jul 3,,,,
0918,9:18 AM,10.97 mi,$11.47 ,Tue Jul 3,,,,
0938,9:38 AM,9.71 mi,$10.68 ,Tue Jul 3,,,,
1005,10:05 AM,24.19 mi,$23.63 ,Tue Jul 3,,,,
1034,10:34 AM,3.71 mi,$4.01 ,Tue Jul 3,,,,
1157,11:57 AM,9.83 mi,$8.42 ,Tue Jul 3,,,,
1304,1:04 PM,11.02 mi,$12.66 ,Tue Jul 3,,,,
1350,1:50 PM,10.53 mi,$10.91 ,Tue Jul 3,,,,
1431,2:31 PM,10.74 mi,$11.16 ,Tue Jul 3,,,,
1449,2:49 PM,18.68 mi,$17.68 ,Tue Jul 3,,,,
1545,3:45 PM,11.31 mi,$11.82 ,Tue Jul 3,,,,
1610,4:10 PM,18.17 mi,$22.61 ,Tue Jul 3,,,,
0712,7:12 AM,15.99 mi,$20.44 ,Thu Jul 5,,,,
0800,8:00 AM,4.76 mi,$4.67 ,Thu Jul 5,,,,
0823,8:23 AM,2.26 mi,$2.89 ,Thu Jul 5,,,,
0852,8:52 AM,11.00 mi,$11.40 ,Thu Jul 5,,,,
0914,9:14 AM,12.18 mi,$13.00 ,Thu Jul 5,,,,
0740,7:40 AM,14.54 mi,$13.12 ,Fri Jul 6,,,,
0828,8:28 AM,4.15 mi,$4.55 ,Fri Jul 6,,,,
0850,8:50 AM,5.63 mi,$10.32 ,Fri Jul 6,,,,
0928,9:28 AM,36.11 mi,$30.81 ,Fri Jul 6,,,,
1121,11:21 AM,2.64 mi,$3.09 ,Fri Jul 6,,,,
1136,11:36 AM,12.66 mi,$11.24 ,Fri Jul 6,,,,
0744,7:44 AM,19.22 mi,$14.89 ,Mon Jul 9,,,,
0821,8:21 AM,12.44 mi,$12.62 ,Mon Jul 9,,,,
0854,8:54 AM,21.27 mi,$18.79 ,Mon Jul 9,,,,
1026,10:26 AM,17.42 mi,$16.48 ,Mon Jul 9,,,,
1235,12:35 PM,0.87 mi,$2.85 ,Mon Jul 9,,,,
1249,12:49 PM,11.68 mi,$9.38 ,Mon Jul 9,,,,
1317,1:17 PM,17.54 mi,$13.94 ,Mon Jul 9,,,,
1433,2:33 PM,2.44 mi,$3.01 ,Mon Jul 9,,,,
1459,2:59 PM,10.65 mi,$13.84 ,Mon Jul 9,,,,
1528,3:28 PM,10.71 mi,$9.03 ,Mon Jul 9,,,,
1624,4:24 PM,1.38 mi,$2.85 ,Mon Jul 9,,,,
1641,4:41 PM,4.37 mi,$4.52 ,Mon Jul 9,,,,
1701,5:01 PM,11.33 mi,$12.17 ,Mon Jul 9,,,,
1734,5:34 PM,1.29 mi,$5.85 ,Mon Jul 9,,,,
1742,5:42 PM,4.71 mi,$4.84 ,Mon Jul 9,,,,
1817,6:17 PM,12.26 mi,$11.90 ,Mon Jul 9,,,,
1859,6:59 PM,1.31 mi,$2.85 ,Mon Jul 9,,,,
1911,7:11 PM,0.00 mi,$3.75 ,Mon Jul 9,,,,
0656,6:56 AM,14.19 mi,$11.40 ,Tue Jul 10,,,,
0730,7:30 AM,16.20 mi,$21.11 ,Tue Jul 10,,,,
0806,8:06 AM,9.89 mi,$10.37 ,Tue Jul 10,,,,
0830,8:30 AM,3.66 mi,$3.81 ,Tue Jul 10,,,,
0840,8:40 AM,2.19 mi,$4.92 ,Tue Jul 10,,,,
0850,8:50 AM,3.97 mi,$4.39 ,Tue Jul 10,,,,
0912,9:12 AM,1.95 mi,$2.85 ,Tue Jul 10,,,,
0928,9:28 AM,3.12 mi,$3.54 ,Tue Jul 10,,,,
0939,9:39 AM,5.50 mi,$6.09 ,Tue Jul 10,,,,
0956,9:56 AM,7.25 mi,$8.02 ,Tue Jul 10,,,,
1113,11:13 AM,14.41 mi,$11.98 ,Tue Jul 10,,,,
1205,12:05 PM,10.80 mi,$15.77 ,Tue Jul 10,,,,
1221,12:21 PM,29.70 mi,$29.96 ,Tue Jul 10,,,,
1307,1:07 PM,1.19 mi,$2.85 ,Tue Jul 10,,,,
1323,1:23 PM,3.33 mi,$3.91 ,Tue Jul 10,,,,
1341,1:41 PM,1.50 mi,$2.85 ,Tue Jul 10,,,,
1402,2:02 PM,9.03 mi,$9.31 ,Tue Jul 10,,,,
1422,2:22 PM,6.31 mi,$5.93 ,Tue Jul 10,,,,
1444,2:44 PM,7.49 mi,$13.46 ,Tue Jul 10,,,,
1530,3:30 PM,1.77 mi,$2.85 ,Tue Jul 10,,,,
1535,3:35 PM,16.82 mi,$16.40 ,Tue Jul 10,,,,
1725,5:25 PM,0.65 mi,$2.85 ,Tue Jul 10,,,,
1735,5:35 PM,1.94 mi,$5.23 ,Tue Jul 10,,,,
1748,5:48 PM,2.73 mi,$3.62 ,Tue Jul 10,,,,
0637,6:37 AM,0.00 mi,$3.75 ,Wed Jul 11,,,,
0722,7:22 AM,9.35 mi,$8.14 ,Wed Jul 11,,,,
0745,7:45 AM,1.97 mi,$2.87 ,Wed Jul 11,,,,
0800,8:00 AM,5.86 mi,$8.49 ,Wed Jul 11,,,,
0831,8:31 AM,1.42 mi,$2.85 ,Wed Jul 11,,,,
0840,8:40 AM,4.23 mi,$5.25 ,Wed Jul 11,,,,
0901,9:01 AM,0.81 mi,$2.85 ,Wed Jul 11,,,,
0915,9:15 AM,0.62 mi,$2.85 ,Wed Jul 11,,,,
0948,9:48 AM,2.81 mi,$3.25 ,Wed Jul 11,,,,
1009,10:09 AM,4.99 mi,$4.73 ,Wed Jul 11,,,,
1144,11:44 AM,1.19 mi,$4.85 ,Wed Jul 11,,,,
1158,11:58 AM,1.83 mi,$5.85 ,Wed Jul 11,,,,
1229,12:29 PM,20.71 mi,$30.85 ,Wed Jul 11,,,,
1304,1:04 PM,23.03 mi,$25.21 ,Wed Jul 11,,,,
1350,1:50 PM,3.36 mi,$5.72 ,Wed Jul 11,,,,
1421,2:21 PM,7.99 mi,$13.10 ,Wed Jul 11,,,,
1510,3:10 PM,11.04 mi,$11.04 ,Wed Jul 11,,,,
1528,3:28 PM,20.54 mi,$19.69 ,Wed Jul 11,,,,
1607,4:07 PM,11.75 mi,$12.32 ,Wed Jul 11,,,,
1712,5:12 PM,4.22 mi,$4.90 ,Wed Jul 11,,,,
1744,5:44 PM,2.03 mi,$8.37 ,Wed Jul 11,,,,
1816,6:16 PM,11.38 mi,$11.32 ,Wed Jul 11,,,,
1859,6:59 PM,20.97 mi,$16.88 ,Wed Jul 11,,,,
0657,6:57 AM,2.29 mi,$3.00 ,Thu Jul 12,,,,
0712,7:12 AM,3.60 mi,$3.80 ,Thu Jul 12,,,,
0724,7:24 AM,11.29 mi,$12.60 ,Thu Jul 12,,,,
0834,8:34 AM,9.41 mi,$8.94 ,Thu Jul 12,,,,
0918,9:18 AM,18.19 mi,$15.37 ,Thu Jul 12,,,,
1247,12:47 PM,20.26 mi,$18.71 ,Thu Jul 12,,,,
1330,1:30 PM,2.58 mi,$3.04 ,Thu Jul 12,,,,
1342,1:42 PM,7.67 mi,$10.33 ,Thu Jul 12,,,,
1431,2:31 PM,10.80 mi,$10.77 ,Thu Jul 12,,,,
1449,2:49 PM,19.19 mi,$17.34 ,Thu Jul 12,,,,
1527,3:27 PM,11.96 mi,$13.72 ,Thu Jul 12,,,,
1600,4:00 PM,9.00 mi,$10.40 ,Thu Jul 12,,,,
1646,4:46 PM,2.90 mi,$3.76 ,Thu Jul 12,,,,
1705,5:05 PM,7.53 mi,$7.09 ,Thu Jul 12,,,,
1732,5:32 PM,4.79 mi,$5.34 ,Thu Jul 12,,,,
1814,6:14 PM,7.24 mi,$12.25 ,Thu Jul 12,,,,
1845,6:45 PM,1.37 mi,$2.85 ,Thu Jul 12,,,,
1856,6:56 PM,2.51 mi,$3.58 ,Thu Jul 12,,,,
1910,7:10 PM,8.40 mi,$9.80 ,Thu Jul 12,,,,
1929,7:29 PM,29.76 mi,$25.54 ,Thu Jul 12,,,,
0655,6:55 AM,13.07 mi,$12.45 ,Fri Jul 13,,,,
0727,7:27 AM,10.00 mi,$10.35 ,Fri Jul 13,,,,
0808,8:08 AM,1.35 mi,$2.85 ,Fri Jul 13,,,,
0824,8:24 AM,1.04 mi,$4.85 ,Fri Jul 13,,,,
0831,8:31 AM,8.75 mi,$7.99 ,Fri Jul 13,,,,
0904,9:04 AM,7.48 mi,$6.70 ,Fri Jul 13,,,,
1009,10:09 AM,2.91 mi,$3.83 ,Fri Jul 13,,,,
1036,10:36 AM,10.26 mi,$10.54 ,Fri Jul 13,,,,
1115,11:15 AM,11.40 mi,$14.67 ,Fri Jul 13,,,,
1152,11:52 AM,7.13 mi,$6.47 ,Fri Jul 13,,,,
1211,12:11 PM,11.15 mi,$12.64 ,Fri Jul 13,,,,
1258,12:58 PM,1.90 mi,$2.85 ,Fri Jul 13,,,,
1307,1:07 PM,10.13 mi,$10.63 ,Fri Jul 13,,,,
1341,1:41 PM,12.24 mi,$11.43 ,Fri Jul 13,,,,
1413,2:13 PM,5.83 mi,$10.70 ,Fri Jul 13,,,,
1428,2:28 PM,13.61 mi,$11.63 ,Fri Jul 13,,,,
1516,3:16 PM,2.04 mi,$3.03 ,Fri Jul 13,,,,
1547,3:47 PM,11.31 mi,$11.82 ,Fri Jul 13,,,,
1649,4:49 PM,5.84 mi,$7.44 ,Fri Jul 13,,,,
1710,5:10 PM,6.00 mi,$5.77 ,Fri Jul 13,,,,
1730,5:30 PM,8.59 mi,$7.51 ,Fri Jul 13,,,,
1802,6:02 PM,9.58 mi,$15.66 ,Fri Jul 13,,,,
0655,6:55 AM,17.12 mi,$21.07 ,Mon Jul 23,,,,
0741,7:41 AM,5.82 mi,$7.90 ,Mon Jul 23,,,,
0812,8:12 AM,3.91 mi,$4.09 ,Mon Jul 23,,,,
0830,8:30 AM,14.66 mi,$13.56 ,Mon Jul 23,,,,
0926,9:26 AM,54.40 mi,$44.40 ,Mon Jul 23,,,,
1040,10:40 AM,10.34 mi,$11.44 ,Mon Jul 23,,,,
1053,10:53 AM,17.92 mi,$19.17 ,Mon Jul 23,,,,
1202,12:02 PM,1.50 mi,$3.23 ,Mon Jul 23,,,,
1243,12:43 PM,17.65 mi,$14.76 ,Mon Jul 23,,,,
1429,2:29 PM,14.35 mi,$17.80 ,Mon Jul 23,,,,
1518,3:18 PM,16.97 mi,$15.80 ,Mon Jul 23,,,,
1550,3:50 PM,2.87 mi,$3.74 ,Mon Jul 23,,,,
1622,4:22 PM,12.01 mi,$12.32 ,Mon Jul 23,,,,
1647,4:47 PM,2.04 mi,$2.97 ,Mon Jul 23,,,,
1706,5:06 PM,1.29 mi,$2.85 ,Mon Jul 23,,,,
0709,7:09 AM,1.44 mi,$7.85 ,Tue Jul 24,,,,
0723,7:23 AM,0.60 mi,$4.85 ,Tue Jul 24,,,,
0731,7:31 AM,1.75 mi,$2.85 ,Tue Jul 24,,,,
0741,7:41 AM,4.63 mi,$6.93 ,Tue Jul 24,,,,
0800,8:00 AM,1.03 mi,$2.85 ,Tue Jul 24,,,,
0806,8:06 AM,7.16 mi,$11.30 ,Tue Jul 24,,,,
0831,8:31 AM,1.68 mi,$2.85 ,Tue Jul 24,,,,
0844,8:44 AM,5.11 mi,$6.77 ,Tue Jul 24,,,,
0931,9:31 AM,14.02 mi,$11.68 ,Tue Jul 24,,,,
0952,9:52 AM,15.07 mi,$12.16 ,Tue Jul 24,,,,
1017,10:17 AM,4.76 mi,$4.62 ,Tue Jul 24,,,,
1031,10:31 AM,4.90 mi,$5.45 ,Tue Jul 24,,,,
1142,11:42 AM,0.56 mi,$2.85 ,Tue Jul 24,,,,
1201,12:01 PM,2.17 mi,$4.85 ,Tue Jul 24,,,,
1248,12:48 PM,1.83 mi,$2.85 ,Tue Jul 24,,,,
1300,1:00 PM,2.10 mi,$3.22 ,Tue Jul 24,,,,
1323,1:23 PM,17.61 mi,$16.82 ,Tue Jul 24,,,,
1357,1:57 PM,5.19 mi,$5.37 ,Tue Jul 24,,,,
1421,2:21 PM,1.17 mi,$2.85 ,Tue Jul 24,,,,
1456,2:56 PM,0.00 mi,$12.85 ,Tue Jul 24,,,,
1532,3:32 PM,10.23 mi,$10.53 ,Tue Jul 24,,,,
1550,3:50 PM,21.64 mi,$29.77 ,Tue Jul 24,,,,
1638,4:38 PM,15.04 mi,$15.66 ,Tue Jul 24,,,,
1733,5:33 PM,16.92 mi,$14.96 ,Tue Jul 24,,,,
0720,7:20 AM,26.25 mi,$28.42 ,Wed Jul 25,,,,
0827,8:27 AM,4.73 mi,$8.65 ,Wed Jul 25,,,,
0900,9:00 AM,3.52 mi,$3.93 ,Wed Jul 25,,,,
1000,10:00 AM,2.50 mi,$2.92 ,Wed Jul 25,,,,
1153,11:53 AM,10.90 mi,$16.08 ,Wed Jul 25,,,,
1210,12:10 PM,7.17 mi,$8.36 ,Wed Jul 25,,,,
1239,12:39 PM,12.81 mi,$13.11 ,Wed Jul 25,,,,
1305,1:05 PM,18.66 mi,$17.02 ,Wed Jul 25,,,,
1340,1:40 PM,5.09 mi,$7.62 ,Wed Jul 25,,,,
1416,2:16 PM,1.78 mi,$5.85 ,Wed Jul 25,,,,
1428,2:28 PM,11.01 mi,$21.07 ,Wed Jul 25,,,,
1448,2:48 PM,12.23 mi,$12.48 ,Wed Jul 25,,,,
1529,3:29 PM,5.43 mi,$5.76 ,Wed Jul 25,,,,
1550,3:50 PM,5.48 mi,$5.69 ,Wed Jul 25,,,,
1609,4:09 PM,3.29 mi,$3.67 ,Wed Jul 25,,,,
1636,4:36 PM,14.51 mi,$13.77 ,Wed Jul 25,,,,
1717,5:17 PM,7.90 mi,$8.35 ,Wed Jul 25,,,,
0725,7:25 AM,4.89 mi,$9.71 ,Thu Jul 26,,,,
0740,7:40 AM,23.84 mi,$30.63 ,Thu Jul 26,,,,
0815,8:15 AM,4.35 mi,$4.84 ,Thu Jul 26,,,,
0901,9:01 AM,3.05 mi,$3.53 ,Thu Jul 26,,,,
1208,12:08 PM,11.42 mi,$11.31 ,Thu Jul 26,,,,
1244,12:44 PM,3.34 mi,$3.79 ,Thu Jul 26,,,,
1257,12:57 PM,9.41 mi,$13.62 ,Thu Jul 26,,,,
1338,1:38 PM,14.49 mi,$14.80 ,Thu Jul 26,,,,
1420,2:20 PM,9.65 mi,$10.93 ,Thu Jul 26,,,,
1454,2:54 PM,11.63 mi,$11.49 ,Thu Jul 26,,,,
1521,3:21 PM,23.37 mi,$20.93 ,Thu Jul 26,,,,
1612,4:12 PM,4.93 mi,$5.07 ,Thu Jul 26,,,,
1631,4:31 PM,20.97 mi,$16.72 ,Thu Jul 26,,,,
1650,4:50 PM,7.32 mi,$10.79 ,Thu Jul 26,,,,
1744,5:44 PM,1.94 mi,$4.85 ,Thu Jul 26,,,,
0720,7:20 AM,6.97 mi,$6.88 ,Fri Jul 27,,,,
0801,8:01 AM,0.94 mi,$2.85 ,Fri Jul 27,,,,
0816,8:16 AM,14.72 mi,$16.74 ,Fri Jul 27,,,,
0726,7:26 AM,4.17 mi,$4.96 ,Mon Jul 30,,,,
0755,7:55 AM,2.63 mi,$3.28 ,Mon Jul 30,,,,
0823,8:23 AM,6.53 mi,$6.34 ,Mon Jul 30,,,,
0847,8:47 AM,2.19 mi,$2.85 ,Mon Jul 30,,,,
0928,9:28 AM,12.56 mi,$10.99 ,Mon Jul 30,,,,
1041,10:41 AM,1.26 mi,$2.85 ,Mon Jul 30,,,,
1446,2:46 PM,3.34 mi,$3.69 ,Mon Jul 30,,,,
1503,3:03 PM,2.40 mi,$2.86 ,Mon Jul 30,,,,
1511,3:11 PM,0.93 mi,$2.85 ,Mon Jul 30,,,,
1559,3:59 PM,1.06 mi,$2.85 ,Mon Jul 30,,,,
1607,4:07 PM,1.88 mi,$4.85 ,Mon Jul 30,,,,
1634,4:34 PM,6.09 mi,$6.70 ,Mon Jul 30,,,,
1706,5:06 PM,1.51 mi,$2.85 ,Mon Jul 30,,,,
0643,6:43 AM,21.27 mi,$24.39 ,Tue Jul 31,,,,
0730,7:30 AM,4.10 mi,$9.75 ,Tue Jul 31,,,,
0751,7:51 AM,26.86 mi,$20.53 ,Tue Jul 31,,,,
0825,8:25 AM,8.15 mi,$8.68 ,Tue Jul 31,,,,
0915,9:15 AM,9.46 mi,$10.32 ,Tue Jul 31,,,,
0939,9:39 AM,26.03 mi,$30.07 ,Tue Jul 31,,,,
1020,10:20 AM,2.71 mi,$3.29 ,Tue Jul 31,,,,
1117,11:17 AM,11.98 mi,$10.10 ,Tue Jul 31,,,,
1138,11:38 AM,2.20 mi,$3.07 ,Tue Jul 31,,,,
1201,12:01 PM,1.41 mi,$5.55 ,Tue Jul 31,,,,
1236,12:36 PM,2.49 mi,$3.00 ,Tue Jul 31,,,,
1251,12:51 PM,5.58 mi,$5.98 ,Tue Jul 31,,,,
1316,1:16 PM,13.05 mi,$12.49 ,Tue Jul 31,,,,
1449,2:49 PM,21.85 mi,$20.80 ,Tue Jul 31,,,,
1527,3:27 PM,11.18 mi,$10.61 ,Tue Jul 31,,,,
1615,4:15 PM,16.20 mi,$15.06 ,Tue Jul 31,,,,
1657,4:57 PM,1.27 mi,$2.85 ,Tue Jul 31,,,,
1710,5:10 PM,1.49 mi,$3.02 ,Tue Jul 31,,,,
1757,5:57 PM,15.13 mi,$15.08 ,Tue Jul 31,,,,
0715,7:15 AM,16.09 mi,$15.33 ,Thu Aug 9,,,,
0757,7:57 AM,2.13 mi,$2.95 ,Thu Aug 9,,,,
0809,8:09 AM,4.92 mi,$6.93 ,Thu Aug 9,,,,
0828,8:28 AM,10.99 mi,$14.47 ,Thu Aug 9,,,,
0920,9:20 AM,9.44 mi,$8.98 ,Thu Aug 9,,,,
0950,9:50 AM,1.51 mi,$2.85 ,Thu Aug 9,,,,
1008,10:08 AM,1.60 mi,$2.88 ,Thu Aug 9,,,,
1039,10:39 AM,4.46 mi,$4.53 ,Thu Aug 9,,,,
1117,11:17 AM,12.11 mi,$16.70 ,Thu Aug 9,,,,
1205,12:05 PM,13.67 mi,$16.38 ,Thu Aug 9,,,,
1232,12:32 PM,31.70 mi,$40.07 ,Thu Aug 9,,,,
1324,1:24 PM,4.15 mi,$6.30 ,Thu Aug 9,,,,
1343,1:43 PM,3.20 mi,$3.73 ,Thu Aug 9,,,,
1437,2:37 PM,12.63 mi,$12.27 ,Thu Aug 9,,,,
1457,2:57 PM,19.49 mi,$18.36 ,Thu Aug 9,,,,
1532,3:32 PM,23.13 mi,$20.20 ,Thu Aug 9,,,,
1640,4:40 PM,0.57 mi,$2.85 ,Thu Aug 9,,,,
1651,4:51 PM,11.11 mi,$11.28 ,Thu Aug 9,,,,
0730,7:30 AM,3.40 mi,$6.58 ,Fri Aug 10,,,,
0747,7:47 AM,2.40 mi,$3.28 ,Fri Aug 10,,,,
0835,8:35 AM,11.15 mi,$11.60 ,Fri Aug 10,,,,
0911,9:11 AM,4.26 mi,$4.22 ,Fri Aug 10,,,,
0934,9:34 AM,10.33 mi,$13.21 ,Fri Aug 10,,,,
1004,10:04 AM,22.95 mi,$19.34 ,Fri Aug 10,,,,
1043,10:43 AM,3.80 mi,$4.74 ,Fri Aug 10,,,,
1144,11:44 AM,4.07 mi,$4.18 ,Fri Aug 10,,,,
1159,11:59 AM,1.65 mi,$5.85 ,Fri Aug 10,,,,
1212,12:12 PM,9.34 mi,$9.97 ,Fri Aug 10,,,,
1248,12:48 PM,1.91 mi,$2.85 ,Fri Aug 10,,,,
1300,1:00 PM,10.95 mi,$9.91 ,Fri Aug 10,,,,
1339,1:39 PM,1.36 mi,$2.90 ,Fri Aug 10,,,,
1414,2:14 PM,3.23 mi,$3.64 ,Fri Aug 10,,,,
1428,2:28 PM,7.31 mi,$6.45 ,Fri Aug 10,,,,
1558,3:58 PM,2.04 mi,$2.98 ,Fri Aug 10,,,,
1609,4:09 PM,22.17 mi,$33.14 ,Fri Aug 10,,,,
1646,4:46 PM,6.41 mi,$11.52 ,Fri Aug 10,,,,
1717,5:17 PM,9.61 mi,$8.90 ,Fri Aug 10,,,,
1747,5:47 PM,3.59 mi,$5.32 ,Fri Aug 10,,,,
1803,6:03 PM,0.92 mi,$5.99 ,Fri Aug 10,,,,
1824,6:24 PM,1.65 mi,$5.81 ,Fri Aug 10,,,,
0705,7:05 AM,21.71 mi,$25.54 ,Mon Aug 13,,,,
0754,7:54 AM,13.28 mi,$15.19 ,Mon Aug 13,,,,
0830,8:30 AM,3.44 mi,$5.03 ,Mon Aug 13,,,,
0919,9:19 AM,0.79 mi,$2.85 ,Mon Aug 13,,,,
0924,9:24 AM,9.36 mi,$8.44 ,Mon Aug 13,,,,
0945,9:45 AM,4.48 mi,$6.69 ,Mon Aug 13,,,,
1019,10:19 AM,2.05 mi,$4.85 ,Mon Aug 13,,,,
1027,10:27 AM,12.88 mi,$13.13 ,Mon Aug 13,,,,
1132,11:32 AM,2.89 mi,$4.28 ,Mon Aug 13,,,,
1143,11:43 AM,11.31 mi,$12.03 ,Mon Aug 13,,,,
1204,12:04 PM,19.71 mi,$17.54 ,Mon Aug 13,,,,
1246,12:46 PM,3.17 mi,$5.91 ,Mon Aug 13,,,,
1351,1:51 PM,32.02 mi,$25.93 ,Mon Aug 13,,,,
1454,2:54 PM,13.11 mi,$14.85 ,Mon Aug 13,,,,
1559,3:59 PM,11.39 mi,$11.34 ,Mon Aug 13,,,,
1639,4:39 PM,4.30 mi,$5.49 ,Mon Aug 13,,,,
1707,5:07 PM,9.91 mi,$10.09 ,Mon Aug 13,,,,
1736,5:36 PM,0.80 mi,$4.85 ,Mon Aug 13,,,,
0726,7:26 AM,12.58 mi,$16.29 ,Tue Aug 14,,,,
0805,8:05 AM,4.45 mi,$4.60 ,Tue Aug 14,,,,
0823,8:23 AM,8.73 mi,$8.59 ,Tue Aug 14,,,,
0902,9:02 AM,9.26 mi,$9.66 ,Tue Aug 14,,,,
0943,9:43 AM,10.44 mi,$8.88 ,Tue Aug 14,,,,
1031,10:31 AM,11.36 mi,$11.33 ,Tue Aug 14,,,,
1115,11:15 AM,26.66 mi,$28.06 ,Tue Aug 14,,,,
1203,12:03 PM,7.10 mi,$13.35 ,Tue Aug 14,,,,
1219,12:19 PM,18.07 mi,$17.45 ,Tue Aug 14,,,,
1310,1:10 PM,12.46 mi,$10.87 ,Tue Aug 14,,,,
1402,2:02 PM,11.37 mi,$10.38 ,Tue Aug 14,,,,
1505,3:05 PM,2.02 mi,$2.85 ,Tue Aug 14,,,,
1530,3:30 PM,2.75 mi,$3.43 ,Tue Aug 14,,,,
1557,3:57 PM,1.75 mi,$4.85 ,Tue Aug 14,,,,
1611,4:11 PM,0.70 mi,$2.85 ,Tue Aug 14,,,,
1622,4:22 PM,1.55 mi,$2.85 ,Tue Aug 14,,,,
1639,4:39 PM,14.68 mi,$13.43 ,Tue Aug 14,,,,
1712,5:12 PM,14.66 mi,$19.19 ,Tue Aug 14,,,,
1819,6:19 PM,14.37 mi,$15.86 ,Tue Aug 14,,,,
0731,7:31 AM,2.48 mi,$5.03 ,Wed Aug 15,,,,
0743,7:43 AM,4.88 mi,$5.30 ,Wed Aug 15,,,,
0759,7:59 AM,26.70 mi,$20.59 ,Wed Aug 15,,,,
0836,8:36 AM,3.70 mi,$4.03 ,Wed Aug 15,,,,
1120,11:20 AM,11.09 mi,$9.68 ,Wed Aug 15,,,,
1226,12:26 PM,1.53 mi,$2.98 ,Wed Aug 15,,,,
1238,12:38 PM,5.57 mi,$7.32 ,Wed Aug 15,,,,
1310,1:10 PM,15.44 mi,$13.60 ,Wed Aug 15,,,,
1406,2:06 PM,11.16 mi,$11.40 ,Wed Aug 15,,,,
1424,2:24 PM,32.82 mi,$30.17 ,Wed Aug 15,,,,
1511,3:11 PM,4.97 mi,$5.06 ,Wed Aug 15,,,,
0704,7:04 AM,6.42 mi,$6.12 ,Thu Aug 16,,,,
0749,7:49 AM,2.53 mi,$3.13 ,Thu Aug 16,,,,
0815,8:15 AM,4.76 mi,$5.00 ,Thu Aug 16,,,,
0836,8:36 AM,5.78 mi,$6.71 ,Thu Aug 16,,,,
0859,8:59 AM,4.53 mi,$5.19 ,Thu Aug 16,,,,
0920,9:20 AM,4.84 mi,$5.05 ,Thu Aug 16,,,,
1031,10:31 AM,1.58 mi,$2.85 ,Thu Aug 16,,,,
1120,11:20 AM,7.69 mi,$8.71 ,Thu Aug 16,,,,
1153,11:53 AM,11.24 mi,$17.12 ,Thu Aug 16,,,,
1252,12:52 PM,10.93 mi,$18.72 ,Thu Aug 16,,,,
1312,1:12 PM,20.24 mi,$18.18 ,Thu Aug 16,,,,
1405,2:05 PM,12.66 mi,$12.25 ,Thu Aug 16,,,,
1441,2:41 PM,6.23 mi,$10.86 ,Thu Aug 16,,,,
1456,2:56 PM,12.43 mi,$12.76 ,Thu Aug 16,,,,
1538,3:38 PM,9.36 mi,$12.45 ,Thu Aug 16,,,,
1642,4:42 PM,6.32 mi,$6.54 ,Thu Aug 16,,,,
1705,5:05 PM,0.67 mi,$4.93 ,Thu Aug 16,,,,
1738,5:38 PM,2.10 mi,$4.85 ,Thu Aug 16,,,,
0648,6:48 AM,19.77 mi,$17.64 ,Fri Aug 17,,,,
0731,7:31 AM,1.42 mi,$2.98 ,Fri Aug 17,,,,
0745,7:45 AM,2.11 mi,$2.85 ,Fri Aug 17,,,,
0758,7:58 AM,8.47 mi,$11.12 ,Fri Aug 17,,,,
1020,10:20 AM,6.29 mi,$11.05 ,Fri Aug 17,,,,
1047,10:47 AM,2.37 mi,$3.18 ,Fri Aug 17,,,,
0703,7:03 AM,32.00 mi,$29.65 ,Mon Aug 20,,,,
0825,8:25 AM,7.07 mi,$6.82 ,Mon Aug 20,,,,
0852,8:52 AM,3.31 mi,$4.37 ,Mon Aug 20,,,,
0920,9:20 AM,14.81 mi,$12.25 ,Mon Aug 20,,,,
0957,9:57 AM,3.52 mi,$5.62 ,Mon Aug 20,,,,
1144,11:44 AM,3.40 mi,$8.71 ,Mon Aug 20,,,,
1241,12:41 PM,11.06 mi,$10.99 ,Mon Aug 20,,,,
1314,1:14 PM,4.52 mi,$4.81 ,Mon Aug 20,,,,
1354,1:54 PM,10.58 mi,$10.71 ,Mon Aug 20,,,,
1411,2:11 PM,17.86 mi,$21.55 ,Mon Aug 20,,,,
1444,2:44 PM,21.31 mi,$17.64 ,Mon Aug 20,,,,
1559,3:59 PM,26.67 mi,$30.40 ,Mon Aug 20,,,,
1640,4:40 PM,4.42 mi,$5.75 ,Mon Aug 20,,,,
0712,7:12 AM,9.37 mi,$8.43 ,Tue Aug 21,,,,
0730,7:30 AM,2.59 mi,$5.01 ,Tue Aug 21,,,,
0800,8:00 AM,8.60 mi,$7.87 ,Tue Aug 21,,,,
0832,8:32 AM,13.58 mi,$13.92 ,Tue Aug 21,,,,
0927,9:27 AM,2.98 mi,$3.77 ,Tue Aug 21,,,,
0950,9:50 AM,3.98 mi,$4.27 ,Tue Aug 21,,,,
1050,10:50 AM,0.00 mi,$3.75 ,Tue Aug 21,,,,
1134,11:34 AM,1.91 mi,$2.85 ,Tue Aug 21,,,,
1155,11:55 AM,9.42 mi,$11.50 ,Tue Aug 21,,,,
1237,12:37 PM,11.40 mi,$9.40 ,Tue Aug 21,,,,
1322,1:22 PM,7.41 mi,$6.71 ,Tue Aug 21,,,,
1403,2:03 PM,2.07 mi,$2.95 ,Tue Aug 21,,,,
1415,2:15 PM,2.85 mi,$3.55 ,Tue Aug 21,,,,
1458,2:58 PM,9.99 mi,$10.56 ,Tue Aug 21,,,,
1518,3:18 PM,8.32 mi,$14.44 ,Tue Aug 21,,,,
1734,5:34 PM,2.98 mi,$5.86 ,Tue Aug 21,,,,
1802,6:02 PM,3.41 mi,$4.52 ,Tue Aug 21,,,,
1840,6:40 PM,6.36 mi,$7.67 ,Tue Aug 21,,,,
